"Imi_I_x","Imi_I_y","Imi_Q_x","Imi_Q_y","Imi_Q_norm_x","Imi_Q_norm_y","Imi_I_norm_x","Imi_I_norm_y"
0,22,0,831,0,-1606,0,1267,
1,410,1,282,1,1698,1,-1144,
2,-123,2,-603,2,1978,2,-520,
3,-651,3,-363,3,-718,3,1915,
4,-13,4,367,4,-2042,4,-129,
5,778,5,240,5,21,5,-2048,
6,270,6,-327,6,2045,6,54,
7,-663,7,-104,7,1159,7,1686,
8,-422,8,486,8,-2005,8,-409,
9,439,9,167,9,-997,9,-1788,
10,327,10,-620,10,2045,10,-73,
11,-342,11,-419,11,602,11,1954,
12,-147,12,545,12,-1579,12,1303,
13,472,13,641,13,-318,13,-2023,
14,101,14,-284,14,1545,14,-1342,
15,-677,15,-654,15,728,15,1913,
16,-274,16,-200,16,-1810,16,954,
17,503,17,502,17,-1586,17,-1295,
18,485,18,268,18,1975,18,-533,
19,-413,19,-337,19,1647,19,1213,
20,-615,20,-216,20,-1930,20,686,
21,268,21,278,21,-1421,21,-1471,
22,646,22,164,22,-1207,22,-1653,
23,-159,23,-275,23,1445,23,1448,
24,-504,24,-357,24,990,24,1792,
25,-146,25,115,25,-1295,25,-1586,
26,481,26,308,26,-679,26,-1932,
27,257,27,-122,27,1473,27,1420,
28,-379,28,-252,28,503,28,1983,
29,-325,29,215,29,-1772,29,-1025,
30,212,30,299,30,-1183,30,-1670,
31,243,31,-320,31,1266,31,-1609,
32,-116,32,-494,32,1103,32,1722,
33,-57,33,254,33,-878,33,1848,
34,240,34,685,34,-1134,34,-1705,
35,-11,35,13,35,1129,35,-1708,
36,-138,36,-292,36,1670,36,1184,
37,-424,37,187,37,-1630,37,1237,
38,53,38,310,38,-1994,38,-469,
39,413,39,-220,39,1996,39,-448,
40,62,40,-360,40,1931,40,676,
41,-354,41,273,41,1358,41,-1150,
42,-168,42,481,42,-1852,42,-875,
43,195,43,-274,43,826,43,-1874,
44,173,44,-676,44,2017,44,344,
45,-18,45,138,45,-963,45,1806,
46,-39,46,806,46,-2017,46,347,
47,-43,47,106,47,1249,47,-1621,
48,-142,48,-783,48,1931,48,-675,
49,-52,49,-320,49,-1668,49,1186,
50,223,50,628,50,-1984,50,507,
51,202,51,395,51,2025,51,-265,
52,-164,52,-495,52,2043,52,-99,
53,-268,53,-368,53,1890,53,-767,
54,76,54,460,54,-2013,54,-365,
55,238,55,376,55,-2020,55,-329,
56,-64,56,-472,56,1928,56,684,
57,-221,57,-463,57,1822,57,931,
58,106,58,419,58,-1944,58,-644,
59,96,59,384,59,-1655,59,-1205,
60,29,60,-509,60,2019,60,333,
61,-133,61,-461,61,1728,61,1094,
62,-35,62,440,62,-2029,62,-275,
63,124,63,493,63,-1847,63,-882,
64,38,64,-426,64,1983,64,501,
65,-91,65,-578,65,1986,65,496,
66,39,66,383,66,-2044,66,116,
67,131,67,717,67,-1967,67,-568,
68,-121,68,-228,68,2040,68,-163,
69,-285,69,-787,69,1985,69,499,
70,72,70,-6,70,-2039,70,181,
71,432,71,685,71,-2021,71,-319,
72,118,72,146,72,2036,72,207,
73,-421,73,-501,73,2013,73,367,
74,-301,74,-110,74,-1808,74,-960,
75,265,75,416,75,-1925,75,-697,
76,315,76,15,76,-170,76,2035,
77,-146,77,-493,77,1731,77,1091,
78,-220,78,-40,78,1590,78,1285,
79,190,79,577,79,-1568,79,-1318,
80,207,80,213,80,-703,80,-1923,
81,-306,81,-499,81,1725,81,1099,
82,-373,82,-346,82,97,82,2045,
83,534,83,293,83,-1963,83,-582,
84,606,84,29,84,-367,84,-2014,
85,-317,85,-170,85,1942,85,639,
86,-666,86,153,86,1467,86,1426,
87,79,87,239,87,-1745,87,-1070,
88,554,88,-254,88,-1393,88,-1501,
89,14,89,-399,89,984,89,1793,
90,-450,90,193,90,97,90,2045,
91,0,91,447,91,-968,91,-1805,
92,488,92,-112,92,458,92,-1996,
93,62,93,-385,93,1941,93,641,
94,-443,94,414,94,-854,94,1861,
95,-23,95,325,95,-2045,95,71,
96,341,96,-555,96,806,96,-1881,
97,170,97,-572,97,2046,97,0,
98,-65,98,512,98,-459,98,1995,
99,-54,99,868,99,-2020,99,325,
100,-102,100,-200,100,1397,100,-1496,
101,-248,101,-911,101,2041,101,-145,
102,-48,102,-142,102,-1744,102,1070,
103,604,103,505,103,-1962,103,583,
104,235,104,-24,104,2030,104,-258,
105,-413,105,-269,105,2041,105,-127,
106,-373,106,284,106,-1824,106,-930,
107,73,107,375,107,-1976,107,-538,
108,126,108,-474,108,-1938,108,-655,
109,-8,109,-771,109,1311,109,1568,
110,225,110,260,110,-209,110,2036,
111,359,111,1037,111,-1117,111,-1715,
112,-241,112,266,112,1240,112,-1629,
113,-800,113,-831,113,2008,113,390,
114,-205,114,-628,114,-1978,114,525,
115,848,115,303,115,-2045,115,-22,
116,501,116,385,116,1547,116,1339,
117,-473,117,-193,117,1932,117,668,
118,-700,118,-198,118,1517,118,-1375,
119,153,119,104,119,-1474,119,-1419,
120,663,120,-66,120,-1946,120,-636,
121,133,121,-282,121,688,121,1927,
122,-393,122,168,122,1246,122,1622,
123,-162,123,586,123,-774,123,-1896,
124,127,124,30,124,-557,124,-1969,
125,-78,125,-732,125,1149,125,1691,
126,-138,126,-390,126,-203,126,2035,
127,324,127,532,127,-1851,127,872,
128,451,128,570,128,804,128,-1883,
129,-255,129,-158,129,1973,129,-546,
130,-747,130,-387,130,469,130,1985,
131,-140,131,-18,131,-2036,131,-217,
132,700,132,18,132,-1929,132,-683,
133,514,133,-197,133,1747,133,1064,
134,-530,134,30,134,1605,134,1270,
135,-641,135,829,135,-1078,135,-1740,
136,144,136,254,136,-942,136,-1818,
137,314,137,-991,137,-261,137,-2029,
138,-123,138,-718,138,52,138,2045,
139,-12,139,733,139,-733,139,1911,
140,439,140,947,140,115,140,-2044,
141,-147,141,-182,141,1619,141,-1252,
142,-578,142,-565,142,1779,142,1009,
143,-190,143,6,143,-1952,143,618,
144,527,144,269,144,-2017,144,-346,
145,455,145,-160,145,2047,145,-34,
146,-238,146,-197,146,1857,146,860,
147,-423,147,381,147,-1592,147,-1286,
148,44,148,391,148,-1431,148,-1464,
149,230,149,-377,149,64,149,-2044,
150,-107,150,-584,150,929,150,1821,
151,-171,151,175,151,-679,151,1930,
152,246,152,560,152,-1306,152,-1577,
153,167,153,167,153,1369,153,-1521,
154,120,154,-452,154,2034,154,228,
155,-51,155,-80,155,-1749,155,1066,
156,-56,156,392,156,-2015,156,-370,
157,118,157,152,157,1464,157,-1431,
158,67,158,-299,158,1874,158,823,
159,-189,159,-140,159,1447,159,1447,
160,-145,160,229,160,-1978,160,525,
161,113,161,309,161,-1719,161,-1096,
162,494,162,-114,162,2025,162,-290,
163,-36,163,-219,163,1615,163,1254,
164,-591,164,167,164,-1998,164,447,
165,-128,165,167,165,-1218,165,-1645,
166,604,166,-288,166,1730,166,-1096,
167,322,167,-220,167,1922,167,703,
168,-486,168,388,168,-461,168,1993,
169,-435,169,383,169,-2020,169,-333,
170,303,170,-360,170,556,170,-1970,
171,404,171,-545,171,1624,171,-1246,
172,-193,172,209,172,-881,172,1847,
173,-308,173,577,173,-1155,173,1689,
174,215,174,-76,174,1276,174,-1599,
175,299,175,-498,175,1352,175,-1537,
176,-323,176,-186,176,-1567,176,1318,
177,-171,177,367,177,-1644,177,1218,
178,333,178,84,178,1503,178,-1388,
179,312,179,-411,179,1805,179,-964,
180,-199,180,-76,180,-682,180,1929,
181,-294,181,519,181,-1755,181,1053,
182,114,182,233,182,-1022,182,-1774,
183,150,183,-471,183,1855,183,-865,
184,-220,184,-402,184,500,184,1984,
185,-119,185,243,185,-1630,185,1237,
186,424,186,364,186,-731,186,-1912,
187,333,187,-44,187,1780,187,-1009,
188,-452,188,-116,188,1838,188,899,
189,-629,189,124,189,-1951,189,621,
190,179,190,-57,190,-1795,190,-983,
191,696,191,-410,191,1838,191,-901,
192,153,192,-90,192,1333,192,1553,
193,-436,193,577,193,-269,193,2029,
194,-209,194,455,194,-509,194,-1983,
195,133,195,-385,195,395,195,-2008,
196,-67,196,-656,196,-621,196,1950,
197,-143,197,-12,197,-1040,197,1764,
198,344,198,474,198,-1037,198,1761,
199,484,199,213,199,1631,199,-1234,
200,-505,200,-221,200,1860,200,-855,
201,-927,201,197,201,-1935,201,668,
202,104,202,98,202,-2035,202,-208,
203,881,203,-535,203,-172,203,-2040,
204,239,204,-373,204,1657,204,1202,
205,-528,205,606,205,824,205,1873,
206,-200,206,768,206,-821,206,-1876,
207,260,207,-289,207,425,207,-2003,
208,-119,208,-882,208,1402,208,1488,
209,-364,209,-131,209,-1062,209,1748,
210,341,210,630,210,-1724,210,1104,
211,716,211,287,211,1543,211,-1345,
212,-216,212,-286,212,1980,212,-516,
213,-966,213,-122,213,-1522,213,1369,
214,-124,214,175,214,-2030,214,-274,
215,924,215,-103,215,-693,215,-1926,
216,367,216,-309,216,1798,216,973,
217,-732,217,134,217,761,217,1899,
218,-400,218,455,218,-1634,218,-1234,
219,407,219,99,219,-257,219,-2031,
220,479,220,-217,220,1669,220,-1183,
221,-421,221,-164,221,-227,221,2032,
222,-452,222,-108,222,-1319,222,1565,
223,173,223,22,223,368,223,-2013,
224,545,224,99,224,1537,224,-1352,
225,-62,225,46,225,483,225,1988,
226,-557,226,-8,226,-845,226,1863,
227,-52,227,5,227,-744,227,-1908,
228,469,228,-8,228,-476,228,-1990,
229,47,229,-79,229,258,229,2029,
230,-443,230,-99,230,365,230,2013,
231,20,231,18,231,1214,231,-1637,
232,577,232,160,232,-30,232,-2048,
233,152,233,409,233,192,233,-2007,
234,-323,234,106,234,-35,234,2046,
235,-495,235,-246,235,-1747,235,1039,
236,163,236,-145,236,-447,236,-1997,
237,500,237,140,237,1330,237,1477,
238,-39,238,141,238,546,238,1972,
239,-487,239,-48,239,1918,239,713,
240,-103,240,-122,240,638,240,-1946,
241,431,241,-76,241,-911,241,-1834,
242,252,242,20,242,-1361,242,1529,
243,-265,243,162,243,551,243,1970,
244,-297,244,171,244,1969,244,-545,
245,53,245,-84,245,-201,245,-2038,
246,163,246,-324,246,-1562,246,-1319,
247,16,247,-131,247,-356,247,2015,
248,23,248,267,248,161,248,2039,
249,125,249,279,249,1067,249,-1747,
250,-33,250,-53,250,1021,250,-1774,
251,-457,251,-379,251,-1722,251,1086,
252,-408,252,101,252,-1829,252,920,
253,370,253,138,253,-2026,253,247,
254,651,254,-293,254,2037,254,175,
255,4,255,-73,255,1866,255,836,
256,-569,256,637,256,-1724,256,-1073,
257,-344,257,384,257,-1308,257,-1577,
258,161,258,-750,258,491,258,-1988,
259,312,259,-865,259,715,259,1917,
260,215,260,435,260,-841,260,1866,
261,75,261,1098,261,-2039,261,111,
262,-204,262,67,262,1525,262,-1363,
263,-429,263,-895,263,1524,263,-1366,
264,-155,264,-322,264,-2001,264,429,
265,400,265,527,265,-1926,265,694,
266,452,266,182,266,1835,266,907,
267,-71,267,-402,267,2041,267,139,
268,-384,268,68,268,638,268,-1943,
269,-145,269,629,269,-1846,269,-885,
270,89,270,-34,270,-1844,270,-888,
271,-67,271,-440,271,1630,271,1237,
272,-432,272,-223,272,764,272,1898,
273,48,273,389,273,-2017,273,-357,
274,493,274,249,274,356,274,-2015,
275,46,275,-313,275,1995,275,-460,
276,-518,276,-191,276,-731,276,1911,
277,-185,277,307,277,-2023,277,-309,
278,444,278,138,278,-940,278,-1820,
279,427,279,-187,279,2031,279,250,
280,-124,280,-323,280,923,280,1827,
281,-394,281,209,281,-2026,281,297,
282,86,282,398,282,-709,282,-1921,
283,367,283,-128,283,1753,283,-1057,
284,-123,284,-393,284,607,284,1954,
285,-458,285,41,285,-822,285,1874,
286,89,286,266,286,-1911,286,-734,
287,607,287,-92,287,959,287,-1809,
288,115,288,-166,288,2000,288,432,
289,-630,289,278,289,-674,289,1932,
290,-380,290,253,290,-1955,290,-612,
291,444,291,-420,291,182,291,-2040,
292,349,292,-294,292,1940,292,649,
293,12,293,514,293,-307,293,2022,
294,-240,294,507,294,-1683,294,1165,
295,-116,295,-317,295,826,295,-1873,
296,86,296,-529,296,1134,296,-1705,
297,48,297,173,297,-1407,297,1486,
298,-58,298,448,298,-1319,298,1565,
299,14,299,-179,299,2045,299,47,
300,140,300,-456,300,1849,300,-876,
301,267,301,361,301,-1922,301,-704,
302,-200,302,839,302,-2021,302,328,
303,-447,303,-40,303,1972,303,547,
304,-151,304,-880,304,2030,304,-263,
305,318,305,-348,305,-2042,305,159,
306,409,306,596,306,-1958,306,601,
307,54,307,491,307,1645,307,1217,
308,-503,308,-398,308,1989,308,-475,
309,-255,309,-521,309,-183,309,-2040,
310,328,310,-187,310,-2018,310,-347,
311,175,311,82,311,-1511,311,1380,
312,28,312,131,312,1687,312,1158,
313,44,313,167,313,2034,313,223,
314,-97,314,167,314,-1271,314,-1606,
315,-317,315,-52,315,-1838,315,-900,
316,-154,316,-324,316,-1014,316,1778,
317,296,317,-249,317,868,317,1853,
318,411,318,145,318,1996,318,426,
319,3,319,370,319,1975,319,520,
320,-380,320,178,320,1768,320,-1028,
321,-271,321,-189,321,-332,321,-2020,
322,98,322,-321,322,-1850,322,-879,
323,277,323,-113,323,-1318,323,1566,
324,147,324,198,324,680,324,1929,
325,-89,325,258,325,2046,325,16,
326,-240,326,-247,326,868,326,-1854,
327,187,327,-279,327,-1171,327,-1679,
328,184,328,156,328,-1958,328,597,
329,57,329,368,329,-773,329,1894,
330,-37,330,-355,330,1642,330,1219,
331,-74,331,-412,331,1935,331,-668,
332,56,332,268,332,-1469,332,-1427,
333,170,333,442,333,-1701,333,1139,
334,8,334,-118,334,1323,334,1561,
335,-255,335,-336,335,2022,335,313,
336,-188,336,69,336,-2036,336,-213,
337,171,337,180,337,-2015,337,-362,
338,315,338,-196,338,2003,338,418,
339,40,339,-181,339,1909,339,734,
340,-224,340,350,340,-2037,340,138,
341,-153,341,386,341,-1631,341,-1238,
342,5,342,-293,342,704,342,-1921,
343,10,343,-579,343,1483,343,1409,
344,63,344,9,344,-1082,344,1737,
345,247,345,508,345,-1998,345,441,
346,166,346,228,346,1724,346,-1104,
347,-298,347,-196,347,1902,347,-755,
348,-496,348,-153,348,-2047,348,34,
349,22,349,-49,349,-2047,349,35,
350,589,350,-172,350,288,350,2016,
351,360,351,-45,351,1841,351,895,
352,-337,352,414,352,1654,352,1204,
353,-490,353,387,353,-1125,353,-1711,
354,-26,354,-319,354,-604,354,-1957,
355,287,355,-658,355,-1850,355,830,
356,152,356,-23,356,-574,356,1964,
357,18,357,606,357,-254,357,2030,
358,31,358,296,358,1586,358,-1292,
359,-116,359,-321,359,1268,359,-1606,
360,-297,360,-296,360,-2040,360,-167,
361,-50,361,93,361,-1877,361,818,
362,398,362,103,362,-307,362,2022,
363,297,363,-93,363,2045,363,60,
364,-279,364,54,364,2035,364,213,
365,-406,365,237,365,-1925,365,-696,
366,95,366,-40,366,-1446,366,-1451,
367,353,367,-353,367,1794,367,-965,
368,-9,368,-90,368,512,368,1982,
369,-252,369,345,369,-612,369,1953,
370,37,370,199,370,388,370,-2010,
371,209,371,-246,371,1032,371,-1769,
372,-105,372,-228,372,-790,372,1876,
373,-249,373,143,373,-1447,373,1446,
374,157,374,185,374,-2037,374,-204,
375,345,375,-75,375,1652,375,-1207,
376,-148,376,-93,376,2010,376,373,
377,-461,377,79,377,-1560,377,1325,
378,60,378,-6,378,-1859,378,-856,
379,558,379,-163,379,1018,379,-1775,
380,107,380,46,380,1560,380,1324,
381,-551,381,299,381,-435,381,1999,
382,-279,382,37,382,-1089,382,-1733,
383,426,383,-389,383,345,383,-2017,
384,351,384,-189,384,-202,384,2016,
385,-283,385,346,385,-574,385,1963,
386,-307,386,299,386,808,386,1881,
387,233,387,-230,387,976,387,-1800,
388,223,388,-63,388,269,388,-2030,
389,36,389,54,389,-1380,389,1510,
390,-50,390,5,390,-971,390,1801,
391,111,391,43,391,1584,391,-1296,
392,68,392,181,392,1428,392,-1467,
393,-250,393,82,393,-1438,393,1456,
394,-262,394,-232,394,-557,394,1969,
395,183,395,-277,395,1701,395,1134,
396,446,396,331,396,202,396,-2024,
397,277,397,281,397,738,397,1906,
398,-607,398,-191,398,1913,398,719,
399,-443,399,92,399,638,399,-1946,
400,421,400,196,400,-1357,400,-1533,
401,404,401,-186,401,-1708,401,1128,
402,-345,402,-335,402,1219,402,1642,
403,-315,403,114,403,1457,403,1436,
404,415,404,403,404,-615,404,-1952,
405,370,405,33,405,416,405,-2004,
406,-456,406,-314,406,863,406,1855,
407,-535,407,-61,407,-856,407,1859,
408,322,408,199,408,-1427,408,-1469,
409,390,409,60,409,696,409,-1925,
410,11,410,-27,410,1426,410,1468,
411,-419,411,-122,411,181,411,2037,
412,76,412,25,412,-1161,412,-1686,
413,273,413,133,413,-232,413,-2034,
414,-151,414,-126,414,1075,414,1740,
415,-259,415,-289,415,311,415,2023,
416,264,416,26,416,-1848,416,752,
417,436,417,371,417,-573,417,-1966,
418,-206,418,201,418,633,418,1926,
419,-632,419,-229,419,896,419,1839,
420,-59,420,-326,420,-1311,420,-1571,
421,625,421,-55,421,-1525,421,-1366,
422,350,422,208,422,200,422,2036,
423,-389,423,240,423,1326,423,1558,
424,-456,424,69,424,1428,424,-1465,
425,99,425,-200,425,-697,425,-1924,
426,344,426,-301,426,-2015,426,-365,
427,75,427,-4,427,-180,427,2038,
428,-137,428,353,428,1045,428,1759,
429,-64,429,224,429,1074,429,-1742,
430,-16,430,-249,430,306,430,-2024,
431,-57,431,-335,431,-1833,431,907,
432,37,432,85,432,-1348,432,1539,
433,182,433,308,433,-108,433,2023,
434,59,434,26,434,1908,434,-741,
435,37,435,-236,435,1966,435,-562,
436,-236,436,-263,436,-2042,436,-132,
437,-159,437,104,437,-2018,437,-344,
438,280,438,118,438,1865,438,812,
439,367,439,-116,439,1762,439,1041,
440,-134,440,53,440,819,440,1858,
441,-511,441,327,441,-2023,441,317,
442,-178,442,-53,442,-1524,442,-1368,
443,396,443,-606,443,1118,443,-1711,
444,431,444,-223,444,794,444,1885,
445,-47,445,685,445,-617,445,1951,
446,-379,446,623,446,751,446,-1900,
447,-274,447,-417,447,1103,447,-1725,
448,32,448,-819,448,-584,448,-1961,
449,257,449,-18,449,-1714,449,1119,
450,308,450,621,450,-941,450,1818,
451,91,451,255,451,2041,451,-141,
452,-298,452,-227,452,1747,452,-1063,
453,-209,453,21,453,-1711,453,-1124,
454,71,454,-187,454,-2045,454,79,
455,25,455,-231,455,-144,455,2041,
456,410,456,165,456,1833,456,909,
457,321,457,407,457,1927,457,687,
458,-356,458,211,458,-1241,458,-1629,
459,-624,459,-195,459,204,459,-2037,
460,-3,460,-357,460,-1914,460,726,
461,575,461,-163,461,-2035,461,220,
462,298,462,128,462,764,462,1899,
463,-242,463,271,463,1607,463,1267,
464,-247,464,197,464,1043,464,-1761,
465,2,465,-41,465,-611,465,-1953,
466,-39,466,-274,466,-2048,466,-18,
467,-90,467,-252,467,-559,467,1969,
468,-20,468,-65,468,808,468,1881,
469,45,469,341,469,1526,469,-1364,
470,176,470,69,470,1276,470,-1601,
471,-90,471,-424,471,-1984,471,96,
472,-127,472,-208,472,-2027,472,-289,
473,205,473,407,473,-1928,473,-689,
474,203,474,364,474,-1935,474,-596,
475,-265,475,-262,475,2028,475,267,
476,-363,476,-404,476,746,476,1903,
477,186,477,105,477,-2003,477,-426,
478,462,478,314,478,-1747,478,-1067,
479,-22,479,-49,479,1828,479,920,
480,-435,480,-204,480,1787,480,996,
481,-87,481,106,481,-1439,481,-1456,
482,342,482,195,482,-1523,482,-1369,
483,101,483,-152,483,1005,483,1781,
484,-309,484,-244,484,1150,484,1692,
485,-95,485,118,485,-1850,485,-831,
486,335,486,258,486,-870,486,-1854,
487,166,487,-63,487,1582,487,-1299,
488,-326,488,-194,488,1013,488,1778,
489,-271,489,81,489,-1703,489,1131,
490,223,490,143,490,-1269,490,-1607,
491,301,491,-167,491,1592,491,-1282,
492,-112,492,-197,492,1248,492,1621,
493,-241,493,205,493,-726,493,1911,
494,84,494,286,494,-1047,494,-1759,
495,201,495,-145,495,585,495,-1961,
496,-117,496,-299,496,1104,496,1722,
497,-267,497,82,497,-993,497,1789,
498,75,498,220,498,-1779,498,-1012,
499,356,499,-153,499,1326,499,-1559,
500,100,500,-196,500,1962,500,576,
501,-307,501,306,501,-1198,501,1660,
502,-281,502,354,502,-1907,502,-746,
503,89,503,-363,503,600,503,-1957,
504,281,504,-605,504,1936,504,660,
505,28,505,433,505,-809,505,1880,
506,229,506,628,506,-1823,506,929,
507,202,507,-96,507,1445,507,-1450,
508,-338,508,-564,508,1602,508,-1273,
509,-356,509,-10,509,-1988,509,487,
510,276,510,435,510,-1856,510,861,
511,467,511,-51,511,2043,511,132,
512,-90,512,-174,512,1923,512,701,
513,-89,513,-124,513,-879,513,1848,
514,-218,514,220,514,-1756,514,-1053,
515,-53,515,163,515,-58,515,-2047,
516,129,516,-280,516,1728,516,1096,
517,69,517,-303,517,-223,517,2034,
518,-35,518,189,518,-1819,518,-941,
519,31,519,344,519,-1659,519,-1191,
520,85,520,-55,520,1454,520,-1441,
521,-84,521,-235,521,1945,521,-633,
522,-228,522,59,522,-1860,522,856,
523,-49,523,138,523,-1996,523,454,
524,244,524,-202,524,2011,524,-373,
525,213,525,-238,525,2038,525,183,
526,-65,526,255,526,-1107,526,1709,
527,-178,527,449,527,-1927,527,-689,
528,-97,528,-59,528,512,528,-1981,
529,-65,529,-482,529,1927,529,-685,
530,-27,530,-213,530,-1306,530,1577,
531,213,531,215,531,-1526,531,1365,
532,372,532,237,532,1982,532,-506,
533,1,533,111,533,1902,533,-755,
534,-562,534,103,534,-1063,534,-1748,
535,-450,535,-114,535,-2028,535,-274,
536,423,536,-246,536,-2029,536,-258,
537,541,537,-105,537,1453,537,1440,
538,-67,538,410,538,1099,538,1726,
539,-534,539,476,539,2040,539,18,
540,-246,540,-195,540,368,540,-2014,
541,248,541,-616,541,-503,541,-1985,
542,231,542,-128,542,-1030,542,1769,
543,-42,543,439,543,-391,543,2009,
544,-252,544,285,544,2019,544,-331,
545,200,545,25,545,1361,545,-1527,
546,176,546,-87,546,-1273,546,-1605,
547,-397,547,13,547,-1899,547,764,
548,-383,548,-60,548,-993,548,1791,
549,391,549,-263,549,2037,549,-195,
550,650,550,-84,550,1532,550,-1356,
551,-97,551,397,551,253,551,2029,
552,-657,552,400,552,-907,552,1832,
553,-213,553,-214,553,66,553,-2046,
554,384,554,-569,554,-317,554,-2022,
555,253,555,-127,555,-1143,555,1698,
556,-118,556,427,556,-263,556,2028,
557,-41,557,300,557,1988,557,-486,
558,113,558,-156,558,1064,558,-1748,
559,-138,559,-199,559,-1451,559,-1444,
560,-56,560,59,560,-1696,560,1144,
561,70,561,269,561,-918,561,1828,
562,174,562,-194,562,1973,562,-546,
563,150,563,-289,563,2027,563,-278,
564,-295,564,377,564,-1659,564,1201,
565,-239,565,782,565,-1682,565,-1166,
566,32,566,-298,566,1480,566,-1406,
567,118,567,-1020,567,1980,567,515,
568,116,568,4,568,-1524,568,1366,
569,136,569,1057,569,-1817,569,942,
570,-34,570,316,570,1612,570,-1262,
571,-309,571,-876,571,1958,571,-599,
572,-181,572,-495,572,-2036,572,218,
573,314,573,645,573,-2033,573,235,
574,377,574,507,574,70,574,2039,
575,-192,575,-471,575,2027,575,260,
576,-471,576,-438,576,2034,576,-219,
577,36,577,392,577,-1930,577,-681,
578,481,578,364,578,-1922,578,-703,
579,97,579,-386,579,1839,579,895,
580,-424,580,-327,580,1641,580,1220,
581,-179,581,423,581,-1896,581,-773,
582,332,582,360,582,-1395,582,-1500,
583,172,583,-454,583,2038,583,187,
584,-288,584,-473,584,1235,584,1632,
585,-265,585,193,585,-1986,585,499,
586,401,586,808,586,-1251,586,-1622,
587,325,587,251,587,1885,587,-798,
588,-457,588,-488,588,1504,588,1387,
589,-664,589,-232,589,-1914,589,724,
590,221,590,246,590,-1748,590,-1065,
591,792,591,21,591,1204,591,-1655,
592,75,592,-249,592,1833,592,910,
593,-700,593,123,593,1251,593,1619,
594,-223,594,370,594,-1495,594,-1400,
595,585,595,-103,595,-676,595,-1933,
596,251,596,-429,596,1522,596,1367,
597,-560,597,50,597,54,597,2044,
598,-325,598,414,598,-1959,598,590,
599,539,599,-78,599,354,599,-2016,
600,455,600,-456,600,1753,600,-1057,
601,-409,601,105,601,-355,601,2015,
602,-503,602,588,602,-1767,602,1033,
603,59,603,-164,603,182,603,-2039,
604,217,604,-486,604,1609,604,-1264,
605,-45,605,-36,605,-294,605,2025,
606,-90,606,382,606,-1449,606,1444,
607,208,607,124,607,509,607,-1983,
608,163,608,-191,608,1554,608,-1331,
609,-325,609,18,609,-1924,609,692,
610,-415,610,162,610,-1869,610,834,
611,114,611,-470,611,-1278,611,-1598,
612,332,612,-333,612,1992,612,-470,
613,192,613,456,613,1047,613,1757,
614,-179,614,633,614,-1558,614,1328,
615,-369,615,-145,615,113,615,-2044,
616,-172,616,-661,616,744,616,-1907,
617,211,617,-208,617,-1989,617,482,
618,378,618,367,618,-1450,618,1444,
619,156,619,274,619,1886,619,794,
620,-230,620,-34,620,1968,620,-557,
621,-384,621,-14,621,-749,621,-1905,
622,72,622,-184,622,-1981,622,-516,
623,-134,623,-559,623,-1438,623,1458,
624,70,624,-330,624,1426,624,1469,
625,356,625,355,625,1778,625,1012,
626,205,626,442,626,-300,626,-2025,
627,-268,627,-77,627,-75,627,-2046,
628,-379,628,-266,628,-1904,628,745,
629,11,629,37,629,-1990,629,-477,
630,276,630,81,630,-2002,630,424,
631,101,631,-210,631,1444,631,1449,
632,75,632,72,632,1856,632,860,
633,242,633,195,633,-566,633,-1968,
634,-84,634,125,634,-1177,634,-1676,
635,-407,635,-103,635,1933,635,574,
636,-109,636,-215,636,576,636,1963,
637,370,637,-90,637,-1844,637,886,
638,266,638,86,638,1413,638,1472,
639,-182,639,124,639,1284,639,1593,
640,-207,640,74,640,1695,640,-1140,
641,87,641,27,641,-503,641,-1985,
642,53,642,-51,642,-1826,642,-926,
643,-197,643,-141,643,-484,643,1988,
644,-55,644,-121,644,629,644,1947,
645,332,645,37,645,1152,645,-1693,
646,22,646,106,646,688,646,-1927,
647,-219,647,-72,647,606,647,1953,
648,-179,648,-16,648,-1408,648,1462,
649,34,649,27,649,-1192,649,-1665,
650,109,650,-154,650,-1858,650,-845,
651,84,651,-216,651,226,651,2034,
652,125,652,136,652,2000,652,415,
653,54,653,438,653,-639,653,-1944,
654,-15,654,233,654,-183,654,-2037,
655,-334,655,-172,655,1261,655,1589,
656,-139,656,-286,656,-1669,656,1181,
657,283,657,12,657,-1908,657,741,
658,260,658,168,658,1506,658,1384,
659,-99,659,18,659,2030,659,250,
660,-184,660,-19,660,2043,660,-132,
661,8,661,149,661,-938,661,-1821,
662,-13,662,62,662,-1842,662,-895,
663,-150,663,-306,663,86,663,2045,
664,65,664,-315,664,1111,664,1719,
665,402,665,208,665,364,665,-2004,
666,169,666,519,666,-211,666,-2035,
667,-451,667,117,667,2044,667,109,
668,-495,668,-420,668,1984,668,-416,
669,372,669,-206,669,-1838,669,-901,
670,752,670,-119,670,-2005,670,413,
671,14,671,103,671,940,671,1818,
672,-513,672,370,672,1946,672,633,
673,-152,673,253,673,513,673,-1981,
674,174,674,-273,674,-1324,674,-1561,
675,-49,675,-522,675,-992,675,1790,
676,-71,676,-71,676,-320,676,2021,
677,342,677,469,677,2022,677,274,
678,281,678,336,678,1196,678,-1660,
679,-419,679,-188,679,1754,679,-1054,
680,-573,680,-317,680,-1727,680,1100,
681,461,681,55,681,-2038,681,-192,
682,763,682,-132,682,-1446,682,-1446,
683,-190,683,-99,683,1654,683,1206,
684,-657,684,270,684,1569,684,1312,
685,70,685,288,685,-838,685,-1868,
686,497,686,-220,686,-991,686,-1791,
687,-120,687,-428,687,242,687,2033,
688,-203,688,22,688,-350,688,2017,
689,-60,689,110,689,-946,689,-1815,
690,211,690,330,690,778,690,-1895,
691,33,691,7,691,1989,691,483,
692,-304,692,-333,692,-829,692,1871,
693,-94,693,-122,693,-1972,693,-553,
694,356,694,264,694,220,694,-2035,
695,201,695,177,695,1795,695,-980,
696,-342,696,-164,696,1724,696,1102,
697,-314,697,-168,697,422,697,1991,
698,258,698,74,698,-1512,698,-1380,
699,394,699,88,699,-1619,699,-1248,
700,-117,700,-33,700,1218,700,1643,
701,-392,701,24,701,1352,701,1535,
702,-26,702,92,702,-886,702,-1847,
703,-197,703,7,703,-966,703,-1806,
704,-51,704,-135,704,564,704,1968,
705,102,705,-218,705,446,705,1997,
706,152,706,-75,706,-555,706,-1967,
707,119,707,160,707,125,707,-2043,
708,36,708,232,708,1962,708,-555,
709,-133,709,109,709,72,709,-2045,
710,-291,710,-90,710,-1914,710,-723,
711,-147,711,-268,711,-1854,711,867,
712,282,712,-239,712,-905,712,1834,
713,440,713,102,713,1641,713,1221,
714,11,714,410,714,2022,714,313,
715,-459,715,227,715,1295,715,-1581,
716,-299,716,-266,716,-606,716,-1957,
717,217,717,-385,717,-1796,717,-985,
718,313,718,-4,718,-1324,718,1562,
719,-17,719,259,719,462,719,1993,
720,-214,720,-149,720,2045,720,54,
721,-171,721,15,721,907,721,-1835,
722,82,722,322,722,-1361,722,-1529,
723,-32,723,11,723,-1784,723,1005,
724,-211,724,-510,724,-27,724,2046,
725,123,725,-274,725,2041,725,-135,
726,471,726,474,726,-1170,726,-1680,
727,50,727,539,727,178,727,-2037,
728,-607,728,-214,728,1983,728,505,
729,-353,729,-590,729,663,729,-1931,
730,503,730,-78,730,-1891,730,-783,
731,574,731,426,731,-1868,731,838,
732,-257,732,212,732,1451,732,1442,
733,-609,733,-211,733,2038,733,189,
734,35,734,-173,734,-681,734,-1931,
735,513,735,70,735,-1757,735,-1051,
736,86,736,65,736,-314,736,2021,
737,-392,737,-35,737,1219,737,1643,
738,-115,738,37,738,1301,738,-1579,
739,300,739,71,739,-671,739,-1935,
740,90,740,-89,740,-2005,740,405,
741,-216,741,105,741,276,741,2027,
742,-234,742,240,742,1233,742,1631,
743,53,743,130,743,-182,743,-2039,
744,-10,744,-225,744,624,744,-1942,
745,-200,745,-353,745,471,745,1992,
746,71,746,-48,746,-1436,746,1451,
747,466,747,256,747,894,747,-1842,
748,141,748,2,748,1465,748,-1429,
749,-711,749,166,749,1896,749,773,
750,-283,750,151,750,-2044,750,-91,
751,279,751,-606,751,-1781,751,-1009,
752,318,752,-644,752,-1141,752,1687,
753,170,753,344,753,985,753,1793,
754,93,754,954,754,28,754,2043,
755,-227,755,233,755,465,755,-1995,
756,-573,756,-758,756,963,756,-1807,
757,-197,757,-617,757,-1859,757,855,
758,652,758,237,758,-1834,758,905,
759,690,759,495,759,1834,759,906,
760,-262,760,101,760,2034,760,198,
761,-617,761,-260,761,1466,761,-1429,
762,-360,762,-138,762,-1632,762,-1234,
763,128,763,-197,763,-1950,763,-623,
764,592,764,-422,764,698,764,1922,
765,316,765,-64,765,1193,765,1663,
766,-190,766,658,766,736,766,-1911,
767,-367,767,555,767,-795,767,-1885,
768,-223,768,-447,768,-733,768,-1912,
769,47,769,-849,769,-1716,769,1114,
770,312,770,14,770,-1189,770,1667,
771,297,771,768,771,-407,771,2005,
772,-89,772,262,772,1966,772,-568,
773,-381,773,-512,773,1706,773,-1129,
774,-146,774,-264,774,-1832,774,-914,
775,249,775,364,775,-2043,775,113,
776,196,776,151,776,91,776,2043,
777,-117,777,-405,777,1908,777,737,
778,-108,778,-134,778,1937,778,-659,
779,284,779,296,779,-1642,779,-1222,
780,-145,780,81,780,-1791,780,-991,
781,-389,781,-316,781,1689,781,1155,
782,96,782,-201,782,1248,782,1620,
783,466,783,253,783,-1967,783,-569,
784,10,784,268,784,-1593,784,-1284,
785,-495,785,-164,785,1476,785,1416,
786,-119,786,-302,786,997,786,-1786,
787,496,787,66,787,-1290,787,-1588,
788,245,788,309,788,-1847,788,882,
789,-456,789,61,789,976,789,1798,
790,-392,790,-251,790,2045,790,76,
791,326,791,-176,791,-644,791,-1944,
792,482,792,102,792,-1905,792,-751,
793,-124,793,196,793,269,793,2028,
794,-439,794,75,794,1604,794,1271,
795,-288,795,-116,795,271,795,-2029,
796,327,796,-402,796,-1105,796,-1725,
797,326,797,-43,797,-973,797,1800,
798,-20,798,526,798,423,798,2001,
799,-89,799,-47,799,1728,799,-1094,
800,13,800,-464,800,344,800,-2019,
801,52,801,48,801,-765,801,-1898,
802,-52,802,477,802,-1588,802,1291,
803,-100,803,-25,803,-268,803,2029,
804,25,804,-538,804,2044,804,-78,
805,148,805,-85,805,-952,805,-1802,
806,75,806,539,806,-2047,806,57,
807,-105,807,214,807,1373,807,1488,
808,-144,808,-446,808,2034,808,-222,
809,2,809,-272,809,-494,809,-1975,
810,119,810,344,810,-2045,810,95,
811,54,811,249,811,-1020,811,1774,
812,-62,812,-318,812,2027,812,282,
813,-34,813,-255,813,1838,813,-902,
814,74,814,322,814,-1948,814,-629,
815,36,815,333,815,-2046,815,15,
816,-132,816,-248,816,1933,816,668,
817,-146,817,-393,817,1999,817,433,
818,105,818,76,818,-2009,818,-392,
819,289,819,315,819,-2029,819,-271,
820,72,820,42,820,1994,820,458,
821,-300,821,-123,821,2034,821,219,
822,-276,822,25,822,-1807,822,-962,
823,120,823,1,823,-1919,823,-713,
824,328,824,-215,824,1197,824,1654,
825,84,825,-72,825,1508,825,1384,
826,-197,826,322,826,1025,826,1757,
827,-125,827,255,827,-777,827,-1894,
828,57,828,-233,828,184,828,-2038,
829,9,829,-342,829,17,829,2043,
830,-69,830,74,830,-1123,830,1711,
831,76,831,256,831,-1331,831,1551,
832,208,832,-31,832,1745,832,-1069,
833,-3,833,-139,833,1836,833,-901,
834,-273,834,130,834,-1988,834,486,
835,-142,835,158,835,-2046,835,53,
836,187,836,-207,836,1497,836,-1397,
837,162,837,-27,837,1961,837,582,
838,175,838,173,838,-302,838,2023,
839,-55,839,89,839,-2041,839,-45,
840,-152,840,-70,840,880,840,-1849,
841,-17,841,-3,841,1521,841,-1368,
842,37,842,81,842,-1520,842,1372,
843,-68,843,-76,843,-337,843,2018,
844,-23,844,-219,844,1438,844,1454,
845,186,845,-11,845,1737,845,-1074,
846,182,846,279,846,-857,846,-1860,
847,-128,847,202,847,-314,847,-1777,
848,-322,848,-114,848,1862,848,850,
849,-122,849,-236,849,-1520,849,-1360,
850,193,850,-126,850,-2037,850,-214,
851,273,851,-18,851,-121,851,2040,
852,142,852,124,852,1714,852,1118,
853,-91,853,324,853,1728,853,-1096,
854,-331,854,222,854,-684,854,-1930,
855,-326,855,-306,855,-1818,855,-940,
856,106,856,-608,856,-1119,856,1712,
857,500,857,147,857,-135,857,2042,
858,611,858,682,858,1346,858,1541,
859,-250,859,285,859,1970,859,-554,
860,-857,860,-300,860,1140,860,-1701,
861,-242,861,-324,861,-1401,861,-1493,
862,630,862,-96,862,-2017,862,351,
863,499,863,-46,863,577,863,1962,
864,-175,864,71,864,1523,864,1365,
865,-229,865,139,865,1538,865,-1350,
866,-258,866,291,866,-677,866,-1932,
867,43,867,3,867,-1641,867,-1226,
868,40,868,-867,868,-309,868,2022,
869,105,869,-485,869,-188,869,2038,
870,395,870,745,870,769,870,-1897,
871,209,871,882,871,1062,871,-1750,
872,-532,872,-256,872,1531,872,-1358,
873,-689,873,-843,873,140,873,2009,
874,222,874,-162,874,-2046,874,94,
875,892,875,465,875,-2001,875,433,
876,242,876,198,876,1807,876,958,
877,-697,877,-127,877,1991,877,471,
878,-492,878,66,878,-887,878,-1844,
879,364,879,101,879,-1584,879,-1295,
880,430,880,-289,880,-1207,880,1652,
881,-198,881,-287,881,946,881,1815,
882,-278,882,283,882,1296,882,1584,
883,242,883,437,883,-367,883,-2013,
884,254,884,-136,884,271,884,-2028,
885,-316,885,-416,885,547,885,1972,
886,-370,886,42,886,-1142,886,1698,
887,284,887,311,887,-1686,887,-1163,
888,742,888,-110,888,1460,888,-1435,
889,-11,889,-42,889,1790,889,991,
890,-664,890,366,890,-967,890,1804,
891,-241,891,237,891,-1630,891,-1239,
892,432,892,-449,892,230,892,-2034,
893,299,893,-490,893,1511,893,1380,
894,-227,894,356,894,-300,894,2023,
895,30,895,616,895,-1964,895,-515,
896,54,896,128,896,987,896,-1793,
897,109,897,-220,897,1434,897,-1460,
898,-160,898,-43,898,-1476,898,1419,
899,-276,899,182,899,-1748,899,1066,
900,82,900,-97,900,1725,900,-1101,
901,399,901,-316,901,2045,901,99,
902,117,902,116,902,1885,902,795,
903,-359,903,491,903,-1835,903,909,
904,-286,904,16,904,-531,904,-1975,
905,212,905,-581,905,1126,905,-1709,
906,342,906,-200,906,-1559,906,1317,
907,-48,907,554,907,-1272,907,1605,
908,-305,908,364,908,1438,908,1451,
909,-62,909,-454,909,1651,909,-1208,
910,214,910,-465,910,114,910,-2043,
911,127,911,318,911,-1923,911,701,
912,-106,912,503,912,-1033,912,1766,
913,19,913,35,913,2038,913,-177,
914,-198,914,-333,914,1568,914,-1315,
915,-98,915,-123,915,-2028,915,-277,
916,214,916,258,916,-1860,916,856,
917,169,917,137,917,1900,917,759,
918,-166,918,-220,918,2002,918,-422,
919,-175,919,-124,919,1757,919,953,
920,139,920,248,920,-1760,920,-1047,
921,133,921,171,921,-1599,921,-1274,
922,-199,922,-275,922,1575,922,1306,
923,-341,923,-128,923,1289,923,1590,
924,448,924,386,924,-1634,924,-1233,
925,494,925,232,925,-1183,925,-1670,
926,-324,926,17,926,1785,926,1000,
927,-418,927,-256,927,1615,927,1256,
928,156,928,-117,928,-1658,928,-1200,
929,427,929,90,929,-720,929,-1917,
930,12,930,36,930,1335,930,1550,
931,-280,931,-27,931,870,931,1852,
932,0,932,120,932,107,932,-2044,
933,168,933,160,933,-1069,933,-1746,
934,-159,934,-125,934,-1227,934,1635,
935,-278,935,-339,935,422,935,2003,
936,222,936,-92,936,1881,936,627,
937,516,937,299,937,-197,937,-2037,
938,-19,938,300,938,2043,938,0,
939,-592,939,-18,939,1411,939,1481,
940,-312,940,-229,940,-1265,940,-1609,
941,343,941,-221,941,-1583,941,-1298,
942,423,942,-114,942,-784,942,1889,
943,31,943,116,943,1026,943,1771,
944,-162,944,378,944,2043,944,-130,
945,-140,945,281,945,-63,945,-2047,
946,-216,946,-251,946,-1212,946,-1651,
947,-154,947,-571,947,-1109,947,1720,
948,297,948,-166,948,-533,948,1976,
949,543,949,449,949,1975,949,527,
950,27,950,464,950,1881,950,-807,
951,-616,951,-40,951,1830,951,-913,
952,-433,952,-344,952,-1552,952,-1335,
953,297,953,-225,953,-1977,953,-533,
954,516,954,-30,954,-999,954,1786,
955,-135,955,-57,955,1304,955,1578,
956,-383,956,449,956,2042,956,118,
957,69,957,431,957,-133,957,-2043,
958,97,958,-271,958,-1273,958,-1602,
959,-322,959,-621,959,-1236,959,1631,
960,-117,960,-82,960,-119,960,2043,
961,558,961,470,961,-796,961,-1886,
962,412,962,250,962,1557,962,-1329,
963,-502,963,-181,963,2020,963,323,
964,-665,964,-126,964,-1927,964,689,
965,227,965,65,965,-1817,965,-943,
966,672,966,-93,966,-1174,966,-1675,
967,2,967,-184,967,1318,967,1565,
968,-522,968,167,968,1061,968,1749,
969,-56,969,340,969,-695,969,-1926,
970,415,970,-95,970,-381,970,-2011,
971,46,971,-397,971,563,971,1967,
972,-404,972,35,972,-281,972,2026,
973,-99,973,404,973,-2046,973,22,
974,200,974,155,974,623,974,-1950,
975,364,975,-331,975,2020,975,-333,
976,-34,976,-188,976,-457,976,1995,
977,-297,977,456,977,-2034,977,235,
978,-90,978,367,978,176,978,-2039,
979,103,979,-448,979,1988,979,-488,
980,28,980,-587,980,1253,980,1617,
981,84,981,1,981,-1378,981,1514,
982,-84,982,541,982,-2013,982,-364,
983,-189,983,44,983,1715,983,-1118,
984,-374,984,-310,984,1988,984,-488,
985,-174,985,184,985,-1995,985,458,
986,192,986,182,986,-2044,986,97,
987,226,987,-411,987,24,987,2031,
988,76,988,-330,988,2022,988,-315,
989,26,989,557,989,463,989,-1992,
990,-104,990,695,990,-1307,990,-1577,
991,-349,991,-363,991,1486,991,-1406,
992,-203,992,-956,992,1408,992,1485,
993,404,993,-78,993,-1794,993,986,
994,590,994,852,994,-1996,994,459,
995,-105,995,418,995,2045,995,95,
996,-733,996,-232,996,2022,996,-303,
997,-33,997,-399,997,-1475,997,-1418,
998,553,998,-56,998,-2002,998,-426,
999,212,999,139,999,-389,999,2010,
