<?xml version="1.0" encoding="UTF-8"?>
<GenRun Id="impl_1" LaunchPart="xc7k325tffg900-2" LaunchTime="1518706889">
  <File Type="OPT-HWDEF" Name="Apps_AdcToplevel.hwdef"/>
  <File Type="PA-DCP" Name="Apps_AdcToplevel.dcp"/>
  <File Type="OPT-DCP" Name="Apps_AdcToplevel_opt.dcp"/>
  <File Type="ROUTE-PWR" Name="Apps_AdcToplevel_power_routed.rpt"/>
  <File Type="PA-TCL" Name="Apps_AdcToplevel.tcl"/>
  <File Type="ROUTE-PWR-SUM" Name="Apps_AdcToplevel_power_summary_routed.pb"/>
  <File Type="REPORTS-TCL" Name="Apps_AdcToplevel_reports.tcl"/>
  <File Type="BG-DRC" Name="Apps_AdcToplevel.drc"/>
  <File Type="OPT-METHODOLOGY-DRC" Name="Apps_AdcToplevel_methodology_drc_opted.rpt"/>
  <File Type="INIT-TIMING" Name="Apps_AdcToplevel_timing_summary_init.rpt"/>
  <File Type="OPT-DRC" Name="Apps_AdcToplevel_drc_opted.rpt"/>
  <File Type="OPT-TIMING" Name="Apps_AdcToplevel_timing_summary_opted.rpt"/>
  <File Type="PWROPT-DCP" Name="Apps_AdcToplevel_pwropt.dcp"/>
  <File Type="PWROPT-DRC" Name="Apps_AdcToplevel_drc_pwropted.rpt"/>
  <File Type="PWROPT-TIMING" Name="Apps_AdcToplevel_timing_summary_pwropted.rpt"/>
  <File Type="PLACE-DCP" Name="Apps_AdcToplevel_placed.dcp"/>
  <File Type="PLACE-IO" Name="Apps_AdcToplevel_io_placed.rpt"/>
  <File Type="PLACE-CLK" Name="Apps_AdcToplevel_clock_utilization_placed.rpt"/>
  <File Type="PLACE-UTIL" Name="Apps_AdcToplevel_utilization_placed.rpt"/>
  <File Type="PLACE-UTIL-PB" Name="Apps_AdcToplevel_utilization_placed.pb"/>
  <File Type="PLACE-CTRL" Name="Apps_AdcToplevel_control_sets_placed.rpt"/>
  <File Type="PLACE-SIMILARITY" Name="Apps_AdcToplevel_incremental_reuse_placed.rpt"/>
  <File Type="PLACE-PRE-SIMILARITY" Name="Apps_AdcToplevel_incremental_reuse_pre_placed.rpt"/>
  <File Type="PLACE-TIMING" Name="Apps_AdcToplevel_timing_summary_placed.rpt"/>
  <File Type="POSTPLACE-PWROPT-DCP" Name="Apps_AdcToplevel_postplace_pwropt.dcp"/>
  <File Type="POSTPLACE-PWROPT-TIMING" Name="Apps_AdcToplevel_timing_summary_postplace_pwropted.rpt"/>
  <File Type="PHYSOPT-DCP" Name="Apps_AdcToplevel_physopt.dcp"/>
  <File Type="PHYSOPT-DRC" Name="Apps_AdcToplevel_drc_physopted.rpt"/>
  <File Type="BG-BIT" Name="Apps_AdcToplevel.bit"/>
  <File Type="PHYSOPT-TIMING" Name="Apps_AdcToplevel_timing_summary_physopted.rpt"/>
  <File Type="ROUTE-ERROR-DCP" Name="Apps_AdcToplevel_routed_error.dcp"/>
  <File Type="ROUTE-DCP" Name="Apps_AdcToplevel_routed.dcp"/>
  <File Type="ROUTE-BLACKBOX-DCP" Name="Apps_AdcToplevel_routed_bb.dcp"/>
  <File Type="ROUTE-DRC" Name="Apps_AdcToplevel_drc_routed.rpt"/>
  <File Type="ROUTE-DRC-PB" Name="Apps_AdcToplevel_drc_routed.pb"/>
  <File Type="BITSTR-MSK" Name="Apps_AdcToplevel.msk"/>
  <File Type="ROUTE-DRC-RPX" Name="Apps_AdcToplevel_drc_routed.rpx"/>
  <File Type="BG-BGN" Name="Apps_AdcToplevel.bgn"/>
  <File Type="ROUTE-METHODOLOGY-DRC" Name="Apps_AdcToplevel_methodology_drc_routed.rpt"/>
  <File Type="BITSTR-RBT" Name="Apps_AdcToplevel.rbt"/>
  <File Type="ROUTE-METHODOLOGY-DRC-RPX" Name="Apps_AdcToplevel_methodology_drc_routed.rpx"/>
  <File Type="BG-BIN" Name="Apps_AdcToplevel.bin"/>
  <File Type="ROUTE-METHODOLOGY-DRC-PB" Name="Apps_AdcToplevel_methodology_drc_routed.pb"/>
  <File Type="ROUTE-PWR-RPX" Name="Apps_AdcToplevel_power_routed.rpx"/>
  <File Type="ROUTE-STATUS" Name="Apps_AdcToplevel_route_status.rpt"/>
  <File Type="ROUTE-STATUS-PB" Name="Apps_AdcToplevel_route_status.pb"/>
  <File Type="ROUTE-TIMINGSUMMARY" Name="Apps_AdcToplevel_timing_summary_routed.rpt"/>
  <File Type="ROUTE-TIMING-PB" Name="Apps_AdcToplevel_timing_summary_routed.pb"/>
  <File Type="ROUTE-TIMING-RPX" Name="Apps_AdcToplevel_timing_summary_routed.rpx"/>
  <File Type="ROUTE-SIMILARITY" Name="Apps_AdcToplevel_incremental_reuse_routed.rpt"/>
  <File Type="RDI-RDI" Name="Apps_AdcToplevel.vdi"/>
  <File Type="ROUTE-CLK" Name="Apps_AdcToplevel_clock_utilization_routed.rpt"/>
  <File Type="POSTROUTE-PHYSOPT-DCP" Name="Apps_AdcToplevel_postroute_physopt.dcp"/>
  <File Type="POSTROUTE-PHYSOPT-BLACKBOX-DCP" Name="Apps_AdcToplevel_postroute_physopt_bb.dcp"/>
  <File Type="POSTROUTE-PHYSOPT-TIMING" Name="Apps_AdcToplevel_timing_summary_postroute_physopted.rpt"/>
  <File Type="POSTROUTE-PHYSOPT-TIMING-PB" Name="Apps_AdcToplevel_timing_summary_postroute_physopted.pb"/>
  <File Type="POSTROUTE-PHYSOPT-TIMING-RPX" Name="Apps_AdcToplevel_timing_summary_postroute_physopted.rpx"/>
  <File Type="BITSTR-NKY" Name="Apps_AdcToplevel.nky"/>
  <File Type="BITSTR-BMM" Name="Apps_AdcToplevel_bd.bmm"/>
  <File Type="BITSTR-MMI" Name="Apps_AdcToplevel.mmi"/>
  <File Type="BITSTR-LTX" Name="debug_nets.ltx"/>
  <File Type="BITSTR-LTX" Name="Apps_AdcToplevel.ltx"/>
  <File Type="BITSTR-SYSDEF" Name="Apps_AdcToplevel.sysdef"/>
  <File Type="WBT-USG" Name="usage_statistics_webtalk.html"/>
  <FileSet Name="sources" Type="DesignSrcs" RelSrcDir="$PSRCDIR/sources_1">
    <Filter Type="Srcs"/>
    <File Path="$PPRDIR/../../Libraries/AdcBulkMem_Lib/Vhdl/CntFourBit.vhd">
      <FileInfo>
        <Attr Name="Library" Val="AdcBulkMem_Lib"/>
        <Attr Name="UsedIn" Val="synthesis"/>
        <Attr Name="UsedIn" Val="simulation"/>
      </FileInfo>
    </File>
    <File Path="$PPRDIR/../../Libraries/AdcBulkMem_Lib/Vhdl/CntTwelveBit.vhd">
      <FileInfo>
        <Attr Name="Library" Val="AdcBulkMem_Lib"/>
        <Attr Name="UsedIn" Val="synthesis"/>
        <Attr Name="UsedIn" Val="simulation"/>
      </FileInfo>
    </File>
    <File Path="$PPRDIR/../../Libraries/AdcBulkMem_Lib/Vhdl/CntThreeBit.vhd">
      <FileInfo>
        <Attr Name="Library" Val="AdcBulkMem_Lib"/>
        <Attr Name="UsedIn" Val="synthesis"/>
        <Attr Name="UsedIn" Val="simulation"/>
      </FileInfo>
    </File>
    <File Path="$PPRDIR/../../Libraries/AdcBulkMem_Lib/Vhdl/CntElevenBit.vhd">
      <FileInfo>
        <Attr Name="Library" Val="AdcBulkMem_Lib"/>
        <Attr Name="UsedIn" Val="synthesis"/>
        <Attr Name="UsedIn" Val="simulation"/>
      </FileInfo>
    </File>
    <File Path="$PPRDIR/../../Libraries/AdcBulkMem_Lib/Vhdl/AdcBulkMem_18b.vhd">
      <FileInfo>
        <Attr Name="Library" Val="AdcBulkMem_Lib"/>
        <Attr Name="UsedIn" Val="synthesis"/>
        <Attr Name="UsedIn" Val="simulation"/>
      </FileInfo>
    </File>
    <File Path="$PPRDIR/../../Libraries/AdcClock_Lib/Vhdl/AdcClock.vhd">
      <FileInfo>
        <Attr Name="Library" Val="AdcClock_Lib"/>
        <Attr Name="UsedIn" Val="synthesis"/>
        <Attr Name="UsedIn" Val="simulation"/>
      </FileInfo>
    </File>
    <File Path="$PPRDIR/../../Libraries/AdcData_Lib/Vhdl/AdcData.vhd">
      <FileInfo>
        <Attr Name="Library" Val="AdcData_Lib"/>
        <Attr Name="UsedIn" Val="synthesis"/>
        <Attr Name="UsedIn" Val="simulation"/>
      </FileInfo>
    </File>
    <File Path="$PPRDIR/../../Libraries/Common/Vhdl/AppsRst.vhd">
      <FileInfo>
        <Attr Name="Library" Val="Common"/>
        <Attr Name="UsedIn" Val="synthesis"/>
        <Attr Name="UsedIn" Val="simulation"/>
      </FileInfo>
    </File>
    <File Path="$PPRDIR/../../Libraries/Common/Vhdl/Fdcr.vhd">
      <FileInfo>
        <Attr Name="Library" Val="Common"/>
        <Attr Name="UsedIn" Val="synthesis"/>
        <Attr Name="UsedIn" Val="simulation"/>
      </FileInfo>
    </File>
    <File Path="$PPRDIR/../../Libraries/Common/Vhdl/LocalRstEna.vhd">
      <FileInfo>
        <Attr Name="Library" Val="Common"/>
        <Attr Name="UsedIn" Val="synthesis"/>
        <Attr Name="UsedIn" Val="simulation"/>
      </FileInfo>
    </File>
    <File Path="$PPRDIR/../../Libraries/Common/Vhdl/AppsRstEna.vhd">
      <FileInfo>
        <Attr Name="Library" Val="Common"/>
        <Attr Name="UsedIn" Val="synthesis"/>
        <Attr Name="UsedIn" Val="simulation"/>
      </FileInfo>
    </File>
    <File Path="$PPRDIR/../../Libraries/Common/Vhdl/GenPulse.vhd">
      <FileInfo>
        <Attr Name="Library" Val="Common"/>
        <Attr Name="UsedIn" Val="synthesis"/>
        <Attr Name="UsedIn" Val="simulation"/>
      </FileInfo>
    </File>
    <File Path="$PPRDIR/../../Libraries/Common/Vhdl/Cnt_5b_Bin.vhd">
      <FileInfo>
        <Attr Name="Library" Val="Common"/>
        <Attr Name="UsedIn" Val="synthesis"/>
        <Attr Name="UsedIn" Val="simulation"/>
      </FileInfo>
    </File>
    <File Path="$PPRDIR/../../Libraries/Common/Vhdl/Fdrse.vhd">
      <FileInfo>
        <Attr Name="Library" Val="Common"/>
        <Attr Name="UsedIn" Val="synthesis"/>
        <Attr Name="UsedIn" Val="simulation"/>
      </FileInfo>
    </File>
    <File Path="$PPRDIR/../../Libraries/Common/Vhdl/LifeIndicator.vhd">
      <FileInfo>
        <Attr Name="Library" Val="Common"/>
        <Attr Name="UsedIn" Val="synthesis"/>
        <Attr Name="UsedIn" Val="simulation"/>
      </FileInfo>
    </File>
    <File Path="$PPRDIR/../../Libraries/Common/Vhdl/TimeTickCnt.vhd">
      <FileInfo>
        <Attr Name="Library" Val="Common"/>
        <Attr Name="UsedIn" Val="synthesis"/>
        <Attr Name="UsedIn" Val="simulation"/>
      </FileInfo>
    </File>
    <File Path="$PPRDIR/../../Libraries/AdcFrame_Lib/Vhdl/DoubleNibbleDetect.vhd">
      <FileInfo>
        <Attr Name="Library" Val="AdcFrame_Lib"/>
        <Attr Name="UsedIn" Val="synthesis"/>
        <Attr Name="UsedIn" Val="simulation"/>
      </FileInfo>
    </File>
    <File Path="$PPRDIR/../../Libraries/AdcFrame_Lib/Vhdl/AdcFrame.vhd">
      <FileInfo>
        <Attr Name="Library" Val="AdcFrame_Lib"/>
        <Attr Name="UsedIn" Val="synthesis"/>
        <Attr Name="UsedIn" Val="simulation"/>
      </FileInfo>
    </File>
    <File Path="$PPRDIR/../../Vhdl/AdcIo.vhd">
      <FileInfo>
        <Attr Name="Library" Val="Adc_Interface"/>
        <Attr Name="UsedIn" Val="synthesis"/>
        <Attr Name="UsedIn" Val="simulation"/>
      </FileInfo>
    </File>
    <File Path="$PPRDIR/../../Libraries/AdcMem_Lib/Vhdl/AdcMem.vhd">
      <FileInfo>
        <Attr Name="Library" Val="AdcMem_Lib"/>
        <Attr Name="UsedIn" Val="synthesis"/>
        <Attr Name="UsedIn" Val="simulation"/>
      </FileInfo>
    </File>
    <File Path="$PPRDIR/../../Vhdl/AdcToplevel.vhd">
      <FileInfo>
        <Attr Name="Library" Val="Adc_Interface"/>
        <Attr Name="UsedIn" Val="synthesis"/>
        <Attr Name="UsedIn" Val="simulation"/>
      </FileInfo>
    </File>
    <File Path="$PPRDIR/../../Libraries/MmcmClock_Lib/Vhdl/MmcmClock.vhd">
      <FileInfo>
        <Attr Name="Library" Val="MmcmClock_Lib"/>
        <Attr Name="UsedIn" Val="synthesis"/>
        <Attr Name="UsedIn" Val="simulation"/>
      </FileInfo>
    </File>
    <File Path="$PPRDIR/../../Vhdl/Apps_AdcToplevel.vhd">
      <FileInfo>
        <Attr Name="UsedIn" Val="synthesis"/>
        <Attr Name="UsedIn" Val="simulation"/>
      </FileInfo>
    </File>
    <Config>
      <Option Name="DesignMode" Val="RTL"/>
      <Option Name="TopModule" Val="Apps_AdcToplevel"/>
      <Option Name="TopAutoSet" Val="TRUE"/>
    </Config>
  </FileSet>
  <FileSet Name="constrs_in" Type="Constrs" RelSrcDir="$PSRCDIR/constrs_1">
    <Filter Type="Constrs"/>
    <File Path="$PPRDIR/../../Constraints/KC705_Apps_AdcToplevel.xdc">
      <FileInfo>
        <Attr Name="UsedIn" Val="synthesis"/>
        <Attr Name="UsedIn" Val="implementation"/>
      </FileInfo>
    </File>
    <Config>
      <Option Name="ConstrsType" Val="XDC"/>
    </Config>
  </FileSet>
  <Strategy Version="1" Minor="2">
    <StratHandle Name="Vivado Implementation Defaults" Flow="Vivado Implementation 2015"/>
    <Step Id="init_design"/>
    <Step Id="opt_design"/>
    <Step Id="power_opt_design"/>
    <Step Id="place_design"/>
    <Step Id="post_place_power_opt_design"/>
    <Step Id="phys_opt_design"/>
    <Step Id="route_design"/>
    <Step Id="post_route_phys_opt_design"/>
    <Step Id="write_bitstream"/>
  </Strategy>
</GenRun>
