<?xml version="1.0" encoding="UTF-8"?>
<GenRun Id="synth_1" LaunchPart="xc7k325tffg900-2" LaunchTime="1518597225">
  <File Type="PA-TCL" Name="AdcToplevel_Toplevel.tcl"/>
  <File Type="RDS-PROPCONSTRS" Name="AdcToplevel_Toplevel_drc_synth.rpt"/>
  <File Type="REPORTS-TCL" Name="AdcToplevel_Toplevel_reports.tcl"/>
  <File Type="RDS-RDS" Name="AdcToplevel_Toplevel.vds"/>
  <File Type="RDS-UTIL" Name="AdcToplevel_Toplevel_utilization_synth.rpt"/>
  <File Type="RDS-UTIL-PB" Name="AdcToplevel_Toplevel_utilization_synth.pb"/>
  <File Type="RDS-DCP" Name="AdcToplevel_Toplevel.dcp"/>
  <File Type="VDS-TIMINGSUMMARY" Name="AdcToplevel_Toplevel_timing_summary_synth.rpt"/>
  <File Type="VDS-TIMING-PB" Name="AdcToplevel_Toplevel_timing_summary_synth.pb"/>
  <FileSet Name="sources" Type="DesignSrcs" RelSrcDir="$PSRCDIR/sources_1">
    <Filter Type="Srcs"/>
    <File Path="$PPRDIR/../../Libraries/AdcClock_Lib/Vhdl/AdcClock.vhd">
      <FileInfo>
        <Attr Name="Library" Val="AdcClock_Lib"/>
        <Attr Name="UsedIn" Val="synthesis"/>
        <Attr Name="UsedIn" Val="simulation"/>
      </FileInfo>
    </File>
    <File Path="$PPRDIR/../../Libraries/AdcData_Lib/Vhdl/AdcData.vhd">
      <FileInfo>
        <Attr Name="Library" Val="AdcData_Lib"/>
        <Attr Name="UsedIn" Val="synthesis"/>
        <Attr Name="UsedIn" Val="simulation"/>
      </FileInfo>
    </File>
    <File Path="$PPRDIR/../../Libraries/Common/Vhdl/Cnt_5b_Bin.vhd">
      <FileInfo>
        <Attr Name="Library" Val="Common"/>
        <Attr Name="UsedIn" Val="synthesis"/>
        <Attr Name="UsedIn" Val="simulation"/>
      </FileInfo>
    </File>
    <File Path="$PPRDIR/../../Libraries/Common/Vhdl/Fdcr.vhd">
      <FileInfo>
        <Attr Name="Library" Val="Common"/>
        <Attr Name="UsedIn" Val="synthesis"/>
        <Attr Name="UsedIn" Val="simulation"/>
      </FileInfo>
    </File>
    <File Path="$PPRDIR/../../Libraries/Common/Vhdl/GenPulse.vhd">
      <FileInfo>
        <Attr Name="Library" Val="Common"/>
        <Attr Name="UsedIn" Val="synthesis"/>
        <Attr Name="UsedIn" Val="simulation"/>
      </FileInfo>
    </File>
    <File Path="$PPRDIR/../../Libraries/Common/Vhdl/Fdrse.vhd">
      <FileInfo>
        <Attr Name="Library" Val="Common"/>
        <Attr Name="UsedIn" Val="synthesis"/>
        <Attr Name="UsedIn" Val="simulation"/>
      </FileInfo>
    </File>
    <File Path="$PPRDIR/../../Libraries/AdcFrame_Lib/Vhdl/DoubleNibbleDetect.vhd">
      <FileInfo>
        <Attr Name="Library" Val="AdcFrame_Lib"/>
        <Attr Name="UsedIn" Val="synthesis"/>
        <Attr Name="UsedIn" Val="simulation"/>
      </FileInfo>
    </File>
    <File Path="$PPRDIR/../../Libraries/AdcFrame_Lib/Vhdl/AdcFrame.vhd">
      <FileInfo>
        <Attr Name="Library" Val="AdcFrame_Lib"/>
        <Attr Name="UsedIn" Val="synthesis"/>
        <Attr Name="UsedIn" Val="simulation"/>
      </FileInfo>
    </File>
    <File Path="$PPRDIR/../../Libraries/AdcMem_Lib/Vhdl/AdcMem.vhd">
      <FileInfo>
        <Attr Name="Library" Val="AdcMem_Lib"/>
        <Attr Name="UsedIn" Val="synthesis"/>
        <Attr Name="UsedIn" Val="simulation"/>
      </FileInfo>
    </File>
    <File Path="$PPRDIR/../../Vhdl/AdcToplevel.vhd">
      <FileInfo>
        <Attr Name="Library" Val="xil_defaultlib"/>
        <Attr Name="UsedIn" Val="synthesis"/>
        <Attr Name="UsedIn" Val="simulation"/>
      </FileInfo>
    </File>
    <File Path="$PPRDIR/../../Vhdl/AdcToplevel_Toplevel.vhd">
      <FileInfo>
        <Attr Name="UsedIn" Val="synthesis"/>
        <Attr Name="UsedIn" Val="simulation"/>
      </FileInfo>
    </File>
    <Config>
      <Option Name="DesignMode" Val="RTL"/>
      <Option Name="TopModule" Val="AdcToplevel_Toplevel"/>
      <Option Name="TopAutoSet" Val="TRUE"/>
    </Config>
  </FileSet>
  <FileSet Name="constrs_in" Type="Constrs" RelSrcDir="$PSRCDIR/constrs_1">
    <Filter Type="Constrs"/>
    <File Path="$PPRDIR/../../Constraints/KC705_AdcToplevel_Toplevel.xdc">
      <FileInfo>
        <Attr Name="UsedIn" Val="synthesis"/>
        <Attr Name="UsedIn" Val="implementation"/>
      </FileInfo>
    </File>
    <Config>
      <Option Name="TargetConstrsFile" Val="$PPRDIR/../../Constraints/KC705_AdcToplevel_Toplevel.xdc"/>
      <Option Name="ConstrsType" Val="XDC"/>
    </Config>
  </FileSet>
  <Strategy Version="1" Minor="2">
    <StratHandle Name="Vivado Synthesis Defaults" Flow="Vivado Synthesis 2015"/>
    <Step Id="synth_design">
      <Option Id="MoreOptsStr"><![CDATA[-mode out_of_context]]></Option>
    </Step>
  </Strategy>
</GenRun>
